timestamp,bump1,bump2,bump3,bump4,bump5,bump6,bump7,bump8,bump9,bump10,bump11,bump12,bump13,bump14,bump15,bump16,bump17,bump18,bump19,bump20,angle,sample_index,time_seconds,left_volume,right_volume
2026-03-30 14:33:12.515812,9.126873840241766,37.499999999999986,17.33342307910929,12.73944920958195,17.157324998647585,2.3817198587375557,19.587326987616926,7.4915425513084,7.935844945823788,17.06581454723934,21.933235378486085,-3.979718626311394,14.410865936787378,1.6491528688909194,5.25795383766604,13.00342264344321,-7.905101819585959,-2.64664748175996,8.587763278554553,6.680581698148681,30.241966644246972,924191,4.813495,0.55,1.0
2026-03-30 14:33:12.717757,12.951220117009093,6.45101980473069,17.505883291200224,19.769754310423473,-1.5324791998056007,2.6993469147278217,11.861482765344087,-1.5000000000000098,12.516593427490587,-3.932545740786009,14.075643113638183,8.99999999999999,11.159723033233805,-5.79042858506314,-11.846554162683123,-0.5872075019063072,3.8809549986453695,-4.537504406069418,2.360928920583398,-9.028965827877872,30.35609187949644,959373,4.996734,0.55,1.0
2026-03-30 14:33:12.916684,5.999999999999991,9.906780038253302,0.37929446651989884,10.612488515998125,10.499999999999988,7.285785953791993,6.393103829767516,1.6614759378155368,-3.7062945812741375,18.445611942832354,8.851764834036558,9.216203160799303,8.62280385250409,11.853106454220152,4.587326987616928,15.570682815809004,-1.5047183850356205,0.18593370426226535,-2.7503489411708397,9.619731469069094,30.500371189877253,997661,5.196151,0.55,1.0
2026-03-30 14:33:13.511497,5.10571493030732,8.390525879535337,-25.320360005331338,-5.056491601526109,-3.0775328789861685,18.10400438597313,7.87153504494066,3.9594251715273314,4.52230704149212,-3.0304047663617566,6.362593088519971,-11.169680977919935,-1.870744332772637,-2.5943011251197254,-5.5694478909477265,7.313625465408447,-3.71138350130978,-10.981558710614093,16.508264307463254,11.897527975545778,30.87419143333178,1115179,5.808224,0.55,1.0
2026-03-30 14:33:13.952825,16.338524062184444,2.340385949838834,-16.465950520915737,11.501704659317786,21.072599421133926,20.196798566111152,0.9697919139573558,6.553324795725507,3.711861374371215,0.17817430611963092,19.299665925911754,4.986184473095028,7.421370415649335,3.9096753715872743,-8.292929165775385,6.377196147495893,-15.346989338262627,8.016732988254033,4.852229889567691,-2.4633802374197593,31.15881228057832,1196188,6.230146,0.55,1.0
2026-03-30 14:33:14.549818,78.9389654050171,115.22438099240794,-0.3057217807656388,11.19262985515548,19.117650674892246,0.3514502283711354,6.759113946533538,7.0928284740922605,10.437699275810013,10.481314547129909,10.901910540005845,2.7885841454357077,-9.662981766275395,12.773677935822048,10.508264307463254,3.411292389512878,6.287619852371208,3.2800198776731553,19.170004272822826,-142.50000000000003,31.62882686992361,1311193,6.82913,0.55,1.0
2026-03-30 14:33:14.754889,2.6217938262421687,-3.8645147810811356,-3.2498886288787823,10.643955478474263,8.916301735450666,-2.81917770969732,1.6439688766404257,17.52973359597993,14.60349198961045,10.912573808163987,7.914159578717688,7.247528050392606,7.959405075465481,6.9957481125258,6.158584998018948,-1.1586328041842542,-2.2861250476798096,9.470501794929515,16.499999999999993,5.529733595979928,31.77863091324719,1354507,7.054724,0.55,1.0
2026-03-30 14:33:14.956608,-0.8095218690986862,-6.082054651323919,9.5421833418645,1.4999999999999907,-2.51900890283421,3.237986575934023,23.290331953432972,6.065230252578275,3.8956332079821694,17.357876992015502,8.036908975683362,20.24315624962493,2.266387340946919,7.301162587835075,4.5291222722261155,-1.3425990190699215,20.241646359575586,-2.502070128006163,14.695620347842423,8.999999999999993,31.912215316036704,1389096,7.234875,0.55,1.0
2026-03-30 14:33:15.592292,18.87635597828953,8.31797960763585,-3.890631730578358,7.067495503436075,-6.060961741683399,6.166315346929732,4.499999999999991,1.4008855938283313,-1.9320774255729258,-9.820615845052668,8.578101067868527,5.50530016582034,6.813179840993084,32.652740257160595,18.04699488939647,-0.2806922020127037,15.617533364559957,23.478265119642128,15.383741959776073,6.28741210140399,32.38946620739358,1515339,7.892391,0.55,1.0
2026-03-30 14:33:15.783650,2.62478452894612,10.927924658038823,4.990091370304783,7.460711006021285,1.8159751709650225,2.01299372624374,8.711391644270362,-1.6706075892488699,-14.132940339926302,2.3832534213494663,3.1811115050225953,14.587245845470648,10.338524062184446,12.667938750612,15.760199239633057,17.96202406036663,9.335896262055897,3.6101375952907153,-3.8892332697674763,-18.832383463086014,32.549621845809135,1548008,8.062542,0.55,1.0
2026-03-30 14:33:16.648884,2.610940948187782,-6.084766226885052,-12.85975945120201,146.92614324268544,12.1685933740058,12.872797179422623,11.99182246516681,7.838976283087631,0.7769639639109664,-3.624563937647859,-0.15761215941078327,-8.725825252053125,0.8053006238551714,12.118427383217607,7.739950631887412,24.43675278901019,-6.000000000000009,2.5001914989161063,20.585412316467554,-2.7088489427463105,33.20756679040864,1718299,8.949474,0.55,1.0
2026-03-30 14:33:16.840732,-4.233031058157135,11.297134706357445,-1.8321833278548878,12.44613783155518,1.4999999999999907,2.462057583069842,3.955906676551647,2.475626794654416,-0.7527504916090078,-8.838278576288099,-4.246564457896918,16.7924172183884,1.081822290661364,-0.3773583644749441,10.81291771185739,-9.676084788497167e-15,11.159229113528443,6.796125968634303,9.977911027469975,0.3776876825123056,33.36093444974415,1750968,9.119625,0.55,1.0
2026-03-30 14:33:17.037744,13.198265192913514,7.499999999999991,11.587037711053854,-1.1702881241411285,14.53429911590017,11.32259351609253,8.892556369393096,21.440043997851088,10.02667757154207,4.499999999999991,-145.5,4.49999999999999,16.346742972989833,9.538186961684396,-4.8091475880241115,17.24046521498333,8.206819339088085,-4.06705970987296,-4.587326987616946,7.375996948925368,33.44900570132982,1789256,9.319042,0.55,1.0
2026-03-30 14:33:17.642603,5.76059574239849,12.02908215211542,2.430714135912607,3.0208567204389634,-8.216075567768984,5.463727911112368,11.328541432201801,-1.2284571590302567,8.279357728359871,17.969816914321797,15.7861374590736,-13.82639928235646,8.747423810880743,8.875947442732151,6.3520547375630905,20.578188434519994,20.614350844159564,-12.58205511632411,18.353039926754356,15.724494673338693,33.95496144459072,1909287,9.944203,0.55,1.0
2026-03-30 14:33:17.833629,6.16794587628882,14.197012251149982,-5.205782107364965,12.545912205303383,20.851732436117487,153.60267681756733,1.9029274505235618,11.026669330776107,16.122571834702097,-4.341916521387032,-2.586064339057062,21.68097977124032,4.732709961845996,-8.151104772553436,0.11054551706902463,-12.574078365850735,6.81570517465119,11.316382103990641,15.717699080657454,12.013730074798215,34.091595765327895,1941956,10.114354,0.55,1.0
2026-03-30 14:33:18.080975,-7.4050778036604115,4.722643244532161,0.22113428440154637,16.239674613668893,6.2875332931599655,7.326207456791215,5.431393268108492,4.251691214831363,-6.436660138085268,1.4999999999999907,14.606817593444072,7.267395068131402,-3.162282704465201,-6.060380119378503,21.53695949671374,11.013631736775931,3.008264307463256,10.499999999999993,6.024519818191328,13.161116807828156,34.26627135198294,1990296,10.366125,0.55,1.0
2026-03-30 14:33:18.691009,3.7196444859282933,2.7053132136092697,6.692287975737532,25.60749019822682,0.8803195800082504,8.464954926155414,20.843200555895795,-12.790707271276407,6.604848235806306,124.54248543827302,0.07784712975150493,155.64235098208275,13.297038955605263,7.558126294685691,-1.2453134564922717,-4.922046100455304,13.578629584350645,7.161116807828158,4.0088973016181635,9.970383801252737,34.779660117508264,2110327,10.991286,0.55,1.0
2026-03-30 14:33:18.894729,-4.529736494615476,19.76032538633109,7.248734190533433,13.866302916263537,12.087092166696673,9.74376330851896,24.34118809902845,11.677142559296742,18.76597136119316,-1.748308785168638,7.49999999999999,4.588453629285677,-7.613649300700638,9.260994656192223,6.846764893219382,-9.954765396014443,2.161855188005611,10.03687012146385,4.32933372347429,7.834508326005004,34.96340265073142,2145509,11.174526,0.55,1.0
2026-03-30 14:33:19.094399,6.6181364735301464,17.64248912704428,14.99999999999999,2.9129078333033087,7.49999999999999,-4.920372573386711,15.38883423038993,18.036371738164185,2.99999999999999,9.464594553131837,14.763729951787823,13.52528900176921,11.99999999999999,-0.030694307921216437,18.808756962129205,-0.07884045500206015,-3.090167801650906,-6.791829814507194,9.445611942832357,18.630112068802855,35.174827581316535,2183797,11.373943,0.55,1.0
2026-03-30 14:33:19.533866,5.930002703390461,-2.129506748040624,-4.25617003592479,3.3682782542330925,-7.1026262034836956,-0.25748292710479675,15.660682312182999,10.023676920391745,13.791215853612298,1.463099681365532,-11.310494591646977,1.6527415089050819,6.052643437132327,114.35695063592732,13.957816359199809,-2.8925739526574885,22.11108702902592,5.352083814329836,147.3823046151813,10.531009540784964,35.3680648812315,2271159,11.828953,0.55,1.0
2026-03-30 14:33:19.735916,21.301503427999346,3.451113371829753,-3.7656299339543877,9.760381667935036,5.36887191630945,15.576342312951077,8.074480938658546,6.320748188976511,12.024702317446952,-5.189034147279286,2.743478166094967,6.691787551824429,-4.110361993036311,23.38307083088446,12.496627809201788,-9.626766766458912,179.58101028605796,11.762355227639134,8.707556833073916,-11.266244824512587,35.63020942110156,2311367,12.03837,0.55,1.0
2026-03-30 14:33:19.930362,8.884990625644711,7.312886567072923,4.694628533950868,5.4404853293713025,11.99999999999999,3.2464499132422326,-0.8653516317037833,3.6355210953526367,2.343424237750178,12.098636219808839,9.422592076677818,0.062001161635834225,0.2736316255143678,4.423818528728738,13.96786116512711,0.5063257750884815,5.1594803757220795,7.417141712497525,0.45873718179454454,87.90681539065264,35.90568718633222,2344036,12.208521,0.55,1.0
2026-03-30 14:33:20.137313,1.5964120189326716,-2.3452724946958075,6.254141422303322,2.94900996858277,1.4999999999999907,7.578629584350646,8.93930070439142,2.912170702401884,8.665205704550022,0.09667099812812271,10.411368732602613,9.529902638281822,1.6090820017318195,20.280717779804736,1.96056330270198,0.35287945133112725,3.0828582875024577,25.070979930149427,-5.283869994860681,-0.11861445591620391,36.02940277987461,2384244,12.417938,0.55,1.0
2026-03-30 14:33:20.774268,-22.053952065375558,-0.019858852840278336,12.089233474457531,14.013631736775931,0.5489817453593799,-1.054626982558488,0.9544066775970688,-7.7362244360063555,6.350307371285928,13.791150029431405,21.387525508155058,5.21456087126486,0.08297971830249914,16.579999082571323,11.090324628412707,-1.3538329547876624,2.972158950427676,4.587326987616928,152.32930558362582,-8.723148528372022e-15,146.14550132619758,2510487,13.075453,0.55,1.0
2026-03-30 14:33:20.974101,7.067059709872941,-6.869597644393987,0.9013665368075156,10.499999999999991,-4.461628359689931,2.894673083203418,15.808434059882263,25.442442197688546,7.9943739140714385,13.390667388640766,-4.108337452694605,13.038336331833653,2.5205326488730684,6.486211269784472,4.93294029012704,5.0932438674934195,2.77083402851039,-0.46568476519639185,-8.723148528372022e-15,-6.714167262289032,36.887146775955,2545076,13.255604,0.55,1.0
2026-03-30 14:33:21.178541,-1.8690201871091419,1.4999999999999907,5.048497922701634,8.220404087217645,16.756680514560436,-1.55676033052473,0.5659896684052867,0.90284605893031,4.110271021642094,1.4999999999999913,26.06640141479758,2.780921594143029,4.828500777168061,-7.932798592082719,5.389844452021134,6.602323625627365,7.652937439784234,1.8089717837015122,11.99999999999999,1.363301437039462,36.97157188251472,2588390,13.481198,0.55,1.0
2026-03-30 14:33:21.565626,-2.7489618257762403,13.161116807828156,22.987841583061467,-6.789161050254218,12.550863687781911,-8.218415684577852,2.9089051352139284,9.448453927711597,16.1665213925168,6.713382872718698,14.913861522662298,17.57480121520592,2.1514034584940953,-1.3385240621844627,-158.01363173677595,-1.6804102184932181,6.4097766151012285,14.402596368952313,0.7289541111908543,12.018042002299119,37.316357464057525,2658161,13.844589,0.55,1.0
2026-03-30 14:33:21.756674,-5.066764621513914,20.99410245097535,-5.278425250464331,0.06649626038970234,10.499999999999991,20.031276337189574,13.8588864205334,21.690191335750047,20.454405670829964,3.447550209748383,-3.4923900599330064,9.92719643081201,-1.6249487273978542,25.210990215241512,15.931766055175697,156.10006753344797,9.33414132507953,6.588096832217333,17.673590014492323,14.444628248571133,37.48569179494152,2698962,14.057094,0.55,1.0
2026-03-30 14:33:21.945069,11.99999999999999,-0.6608577850098858,13.56553070425611,4.535178245903173,1.3828680108209401,8.61707493703888,-9.39155011427384,15.528311724181359,4.0517110945971995,19.833975302973442,-0.9419012562190527,18.2713558476027,-2.530154875588937,13.80749114047403,5.894143588395312,13.412688853370286,6.455069864783102,-4.500000000000008,7.499999999999993,-2.9253833058964576,37.68294804629861,2733551,14.237245,0.55,1.0
2026-03-30 14:33:22.186418,-8.759238538728375e-15,2.4615287307551124,7.6843067293058045,9.991568596777055,12.966506734549919,10.387863208802058,2.093184609347341,0.8502197539886094,2.4679534570857395,-4.338524062184462,12.159030205089806,14.458428407662355,6.268557297578612,13.730392193893348,6.598786579656486,3.1556000743941053,-0.5957123949014923,17.633697083736447,23.7069392694086,18.884934479040876,37.91072033083784,2781298,14.485927,0.55,1.0
2026-03-30 14:33:22.993881,6.2362700482121545,-4.556024605218546,4.238301761895906,-3.000000000000009,-3.494813429295351,5.022108739096019,-5.839220191134869,-2.0908393131087397,-2.225375918490056,19.429201595836865,-3.036359503512418,14.613427820281542,1.9819150831982124,2.3973231824326477,11.468292900819566,6.130291238577782,-6.51576884779695,10.570396386951293,12.191734185114564,11.779521764505546,38.85375301667538,2934591,15.284328,0.55,1.0
2026-03-30 14:33:23.205613,-3.1802062591634024,2.233591400793695,11.100509891851164,8.124563937647844,18.764878665208705,-3.0000000000000093,11.250826503530943,17.984160841129373,8.43413996873081,3.399264003264591,10.371777222810465,3.8015136596744306,-5.739005343807777,13.512055162042838,2.9999999999999907,14.893097332001288,0.07461669410354264,5.67359313038362,14.532798870804855,-4.6518987244264896,39.02778842259057,2975392,15.496833,0.55,1.0
2026-03-30 14:33:23.625372,163.18303268014796,-2.5330523536998832,4.378371068112309,7.173107190868821,113.1120254875241,11.85114736106234,12.736156515589814,28.81572359540755,46.7011330772107,23.570751295777445,13.394454236163012,7.477090738474429,-10.586868797654267,20.109142259181457,-4.79258781401463,9.87543606235214,-0.8425535580473982,11.540558609817676,-12.021296447413196,-3.9262156325322706,39.52422136595389,3055808,15.915667,0.55,1.0
2026-03-30 14:33:24.061259,0.1534458373168756,-7.205747906274427,18.90631431414867,10.704495523767795,19.499999999999986,-5.833827368463557,3.766408599206287,-5.056543838317608,0.18185498748200737,-6.329371128921351,15.477939973348235,-2.2845342435017164,20.07378933938895,5.140297787127344,18.785487633397576,-2.4538915235111785,-1.5000000000000089,-5.941123604671029,-12.403267866268422,1.6955285753400013,39.966102930809605,3141250,16.360677,0.55,1.0
2026-03-30 14:33:24.254091,7.006131242301005,7.161116807828158,-3.4656492755082557,-2.7735236341480567,9.114045709792665,19.342308016735956,11.999999999999988,7.49999999999999,-0.17817430611964843,16.701063235406473,2.203484819097855,7.241525854886166,10.678879888264836,3.661621831702161,11.060047248103139,2.9999999999999902,1.4780008650704062,12.453991010938914,14.004669575281374,9.434559447975822,40.168939779821095,3176432,16.543917,0.55,1.0
2026-03-30 14:33:24.453412,29.650709517361452,-15.623680982859252,27.057608641943737,13.12719177325283,14.517306140256272,-3.48759632656694,27.55797188217085,2.103432831522248,2.435230327436385,6.098258070677656,15.956066370400924,-19.200756865730213,-4.315597804494894,13.759478752924194,-3.436258761057927,1.6556076298549807,16.283961164256667,-2.108809028797288,12.235046487456193,15.759257203588673,40.42995082992916,3216047,16.750245,0.55,1.0
2026-03-30 14:33:25.103296,-2.385066243311513,7.542047078198626,8.78904372885856,8.30574164456163,19.570647046991905,9.971444480490446,7.610998779767801,7.295075917235939,-1.2636802175508326,0.9016183661402354,-1.3688171412929069,-0.4236597634892103,13.916326425521575,7.49999999999999,13.288293466827582,9.138516290249358,2.3192622546875823,8.298267023241568,13.49999999999999,7.760325386331091,41.16384640686665,3337264,17.381583,0.55,1.0
2026-03-30 14:33:25.302556,5.0302080860426255,13.176630821228311,2.8844760080374545,4.192391860764895,12.63011206880285,-0.8519633666859385,3.766772384795538,5.99999999999999,16.252357016457292,5.634586722606345,-2.5460089890610864,7.49999999999999,12.134561416273527,3.910282009614536,15.504558374772895,-10.066183725485258,8.46603301627107,6.061152536498228,-8.293219427364688,2.6805907720217865,41.33345381612997,3377472,17.591,0.55,1.0
2026-03-30 14:33:25.702127,14.945871986208516,-4.9868453312927485,-1.1203213677004749,139.84509985891248,11.677142559296742,12.90704017363092,4.167055756874827,9.962059468841023,8.48292750938183,7.743172520499726,17.686353688167557,-9.820897838504074,-4.062766666739811,12.410005589801033,-4.678405425886747,9.534985041549008,-10.464268969988872,-3.708954363354846,11.000571488464924,21.954020222764772,41.89416679395569,3452269,17.980568,0.55,1.0
2026-03-30 14:33:25.901867,24.240630386503987,4.49999999999999,14.893097332001288,-1.199891024843168,14.821455054731153,4.165089948523761,13.690976520690572,5.99805186476102,-13.22086002365971,7.873614269219158,8.008787934906746,25.03065384967203,-7.494032823144396,3.55537175142885,0.5733287366214309,-2.522604507594357,2.208900051406424,20.340385949838836,0.06380442767581884,10.818492675023327,42.07999365445715,3494990,18.203073,0.55,1.0
2026-03-30 14:33:26.103608,13.612162384345663,13.665195363038865,7.016400988101989,1.1668178766664294,12.32285744070324,20.678207255884917,6.41464601577969,-4.429201595836887,9.466198124234904,14.385098708621465,3.655752280050742,11.50019149891611,1.2396746136688919,3.2013210959383893,-6.96215645567987,10.499999999999988,4.477559352080371,-0.9697919139573732,12.432106468990078,8.161859458450277,42.38816780254302,3533278,18.40249,0.55,1.0
2026-03-30 14:33:26.312325,17.859183243790472,3.3870251284517474,-5.4560709353811605,-1.8076081392351047,11.216835297375338,6.903477981331846,8.853238086473784,6.859247369527716,0.13851629024935772,5.250017972958424,20.3284438651774,16.904980603007004,16.63714364658147,11.786112848856327,-2.1740134311107933,9.445611942832357,-2.8791347160732066,4.190449600114484,2.8327383295062636,15.846069147361467,42.65878408488077,3573486,18.611906,0.55,1.0
2026-03-30 14:33:26.527583,21.095334404525858,5.912907833303309,10.749175408852272,9.342621660309698,0.24604872348947587,31.287949771773903,19.061888789530077,3.5847778711483174,-6.189716629142082,2.9643537629714367,-3.1115868147343955,46.95355692886531,5.391217599264751,19.48545609198273,10.026331736017006,-20.30140332280567,-0.2879499775685847,18.83504393357793,148.27826830329823,19.713851532237523,42.82708379651635,3610588,18.805146,0.55,1.0
2026-03-30 14:33:26.735760,-5.63794542881731,-9.210802259104053,22.253864378393942,4.326322204495647,1.6193845807168528,7.874033861160549,2.5933122530809323,15.787172251641087,-0.16993782746882638,19.14190483857033,17.464762049198885,16.030345632824506,0.3396911191295649,-3.000000000000008,36.06051619556257,-4.267617897922046,-14.650566249440345,7.8923175913522865,-6.892290406851107,2.79413367716774,43.20753775715524,3650796,19.014563,0.55,1.0
2026-03-30 14:33:26.934139,13.266548325816315,20.191929699950805,12.3853776632002,4.561797168883886,8.109243900500765,7.49999999999999,0.06044002622115913,-1.5000000000000087,3.9067800382533022,9.02687964680347,3.892082219928551,-5.127887157355623,0.5902711265609081,22.497592324334175,7.264997017777838,-0.6550460137008006,1.0583684945813772,4.523964334520787,13.338524062184444,19.6465332283022,43.41460196551088,3689084,19.213979,0.55,1.0
2026-03-30 14:33:27.122078,2.9636335437130654,6.640911784818338,2.2421392506982447,17.37768175227649,8.781096984189604,2.6940132160028014,4.873207824277976,0.8695976443939705,15.994734731400309,1.3766803874023572,7.7483087851686205,4.303267682505504,1.5895836486775248,7.117401277219432,7.640764361706264,13.49999999999999,3.0823845533916243,5.9999999999999885,5.353619642786118,3.6308638642112134,43.6476498707051,3728699,19.420307,0.55,1.0
2026-03-30 14:33:27.317342,1.3457055093699384,17.67714255929674,4.292004841796027,14.18181736931022,3.875436062352141,7.420957847523259,9.286115854518656,15.074616694103542,-2.060047248103158,11.587690174861113,9.321912510611796,2.501701183871011,3.2138871511436515,1.4999999999999907,-5.238256107009389,10.49999999999999,12.339949813560818,-7.428860706497254,1.9198638601888116,6.067156020705861,43.92149729780365,3766394,19.616635,0.55,1.0
2026-03-30 14:33:27.559190,2.669271407726414,14.13248046580364,9.771568926091806,18.560079207405845,-0.46049365583134333,28.93173835591872,11.87697357456568,-6.938643711009592,31.352959871765883,-11.65785449215318,4.429786314059445,-0.6471063972485517,-131.50252422362684,-0.6955597929881258,19.791809269343972,29.448881911736535,-15.19832208396682,177.93640514741563,-132.7883389653289,-22.32998973288379,44.28629307852633,3809708,19.842229,0.55,1.0
2026-03-30 14:33:27.757471,13.011775818214815,20.34421161897525,2.5460089890610673,0.3054115313260231,8.620829947991279,-5.262917842290175,-3.293807429523503,-15.423123818812817,2.567474761437573,4.020569978212881,4.7757492847359435,-39.55131908132801,4.026573812326106,26.440283847497856,-0.8438355038135719,5.4717422594118545,15.527638031262972,-6.399996357625547,-178.08587849329155,-32.72933763654434,44.54064960221639,3849323,20.048557,0.55,1.0
2026-03-30 14:33:27.808261,-0.05565837132360496,-1.2631449018341203,0.43133813769301604,21.007685494690865,18.969791913957355,1.4999999999999907,-7.213346314413479,15.477939973348235,-2.1909488967186874,7.193655369029363,18.1827779266208,1.837524648520557,7.156717372959651,11.219790779320398,-32.950851413700015,7.822749775642798,0.07461669410354264,7.704078772102281,21.02204565374451,2.2844183058832286,44.62633808384454,3859375,20.100911,0.55,1.0
2026-03-30 14:33:27.954322,-3.515917437438693,-4.840952154618518,2.0487370893573584,3.632062198001556,-1.5712347660446933,4.26068947018691,0.9110973928512217,2.8694100938518865,18.298224528889694,0.9386992744115682,2.7648351315667967,4.315188004929962,9.587085151718549,-1.5611682783914091,-5.1843587723013,2.8820255340823895,22.967489816450943,10.33083539434868,28.814094551987168,7.224931510890927,44.80836967179449,3884505,20.231797,0.55,1.0
2026-03-30 14:33:28.148466,-4.96316637497613,4.026796986036628,13.49999999999999,5.661540972784504,-1.2039218797291986,12.659256605573772,2.297431666454247,6.447835146025506,1.1270452053783386,13.891873689745731,-4.953809164705416,6.831224787522901,13.75868677585096,1.570798404163111,5.688091964177174,-1.628222777189533,2.33837816829782,10.140566753062823,13.499999999999991,-2.2478416933130605,45.08365397017833,3922200,20.428125,0.55,1.0
2026-03-30 14:33:28.356971,1.771644399762324,8.99999999999999,10.499999999999991,0.7687829923185213,2.9038153967222793,13.436327004295563,6.072433685569702,3.812656029111807,12.583025475730132,4.447720269779516,3.2138871511436515,-0.8712034296416705,7.378632126464221,-1.2744849299528265,13.074310493487204,7.846711135495964,2.706939269408602,0.1776198887609064,5.31146647240889,8.837410029125232,45.37123910582896,3962408,20.637542,0.55,1.0
2026-03-30 14:33:28.561897,18.810815164682857,9.86959764439397,13.446269516140244,12.220101499305434,27.150338080918978,-133.93427724959946,8.451266888071466,23.39069495944352,16.593033667240636,12.328395895539693,25.2180758266019,0.9589752546171115,8.715103408931716,14.99999999999999,-13.967082536344382,33.6703541907809,-10.638641242882743,8.999999999999993,16.499999999999993,24.112258479263232,45.538860446610656,4005722,20.863135,0.55,1.0
2026-03-30 14:33:28.761544,0.005347323533153242,-15.409717233728655,14.766921300547397,-8.723148528372022e-15,26.666714181392837,-0.5366399669177517,3.711996405398704,10.913487838273593,10.374432126524674,14.281989004744032,2.037632211667955,128.546723947589,-18.95200818837694,-3.4779399733482523,20.768253936913,1.4999999999999907,5.204433744228763,4.282676192545695,16.621310875613293,15.00641665418443,45.83376031391757,4040904,21.046375,0.55,1.0
2026-03-30 14:33:29.012474,5.517306140256275,-0.730278557216455,14.78904372885856,10.988544477250056,10.830622919873985,2.9999999999999902,-2.304217469453319,1.6192133631069339,9.069553687614095,22.49999999999999,1.649122040897497,1.761271352081393,8.591152740507622,17.99999999999999,14.99999999999999,3.4832819308327565,4.91664497070798,17.366564454205676,12.085537541197658,13.749230986648179,46.254476968385255,4090571,21.305057,0.55,1.0
2026-03-30 14:33:29.209232,6.536253439519549,3.8416136724139944,1.1772237406314845,-1.1057783960321852,16.016400988101985,4.40785832995121,-2.4841916960415102,18.45955200419944,0.7737710733300854,6.504989309193143,-5.399382671287275,7.72717486657725,4.069405972953453,6.389383499299044,4.772961062865112,2.6102995287778956,7.072924797250834,4.013389277426608,-3.3659082210220963,-2.542411596621239,46.55282989135816,4125753,21.488297,0.55,1.0
2026-03-30 14:33:29.413024,3.811828634272904,9.070403950287998,8.103098254248778,3.3138204386186003,-5.5453908282882445,8.856712714759833,8.624184501276885,5.575631782676945,10.499999999999988,10.042092935122323,3.1080427925551786,16.362346395708553,6.289081753548362,3.090457338286637,4.987812758480878,2.6943021850572437,2.639755364617403,14.41682634736638,11.999999999999988,2.14518925385194,46.83467363979106,4169067,21.713891,0.55,1.0
2026-03-30 14:33:29.610292,107.4455561824178,-13.188504279031761,32.311603654802965,1.7814270437383728,5.481879395771237,6.694271104019031,26.954623847842125,2.94618923524198,-0.25333931830402784,24.443670601815064,9.421525226241375,3.93216326790039,-144.56084529917192,8.33837816829782,6.080015633795044,3.7097876929592664,32.989980140583434,33.70494642457083,10.98551455928598,-139.03697350249723,47.13918911804926,4206762,21.910219,0.55,1.0
2026-03-30 14:33:29.815075,2.265141191217222,25.919097706742516,1.5338109873849024,12.005761754004457,172.3986495127042,4.962083873017694,20.186044371292354,-10.412673012383072,13.683280967926352,17.587037711053853,7.1178255122954806,1.4999999999999907,16.203107838369302,-5.741244289402444,6.834685128165521,2.1381567497260385,-13.0660880373394,3.7276466924263483,-2.0231351533669297,4.840370511523008,47.398727291110205,4241944,22.093458,0.55,1.0
2026-03-30 14:33:30.017560,5.4936742249115005,-11.979982631804075,-3.935939158581354,2.1192753120386194,-13.903903178497947,14.68158418944467,-0.23670378327036004,6.969791913957355,6.010343536756276,9.730278557216435,4.412921507095145,13.993270220411146,1.316883741316448,21.601279466513603,14.479945185656852,-15.80540294044715,-0.5825313864685808,11.884558586540725,9.046576016822458,1.991204551530072,47.78315621638144,4282152,22.302875,0.55,1.0
2026-03-30 14:33:30.211942,13.26412869615063,-12.924408240698462,9.972957517783783,-8.937603774998609,5.336194672015452,8.298267023241568,12.632689956497494,15.236270048212155,3.166403199287355,7.206755674416595,-4.500000000000008,11.999999999999988,2.6362580265963333,0.8053747469676077,10.499999999999988,-5.6994277987988955,-5.109344175608662,22.24443290549873,-2.6241845012769027,4.328151411245456,48.07977011814565,4321767,22.509203,0.55,1.0
2026-03-30 14:33:30.461546,11.262224405505465,1.5130637569160565,2.8925303143853927,6.8860541616028526,1.8584716307704365,8.740494239801821,8.694870611415702,11.939665382298921,8.99999999999999,10.619790653734297,-1.4363270042955836,13.818348007348128,3.300572771991704,3.5387102123105985,3.138516290249357,5.999999999999989,-1.0164009881020075,4.679213197685804,8.087753545823826,24.961102267894745,48.53638479959888,4370107,22.760974,0.55,1.0
2026-03-30 14:33:30.661948,0.8393041980346526,-13.792557018185011,5.999999999999992,13.257500082212443,15.202191640820363,45.8039403054948,1.5448248668081237,0.868787969676937,-7.084101280815857,-170.5319351217217,9.180147059972418,-29.599286297380317,9.897565895100685,-78.22101727541775,14.469677535528266,8.184693195955855,-14.12911154926642,1.6503799220267354,8.115970708922081,126.88067844862671,48.78113930183925,4404696,22.941125,0.55,1.0
2026-03-30 14:33:30.857575,17.211086940402392,8.806724420510047,5.7074207034603,11.512043629800267,-8.944574711667652,-10.979655511937748,6.065623598508145,1.8098908419206894,8.892990803571259,21.980563486182714,17.55203733228301,10.630212569050846,-2.9462557537775376,-0.7789545539393379,-56.75084516325184,2.4446282485711333,-0.65332298388564,-15.14871496366333,16.100744974636225,1.9440291347633327,49.02001328908936,4442984,23.140542,0.55,1.0
2026-03-30 14:33:31.046758,14.960046012748574,11.028631123919807,6.905632734337526,3.9311588050908566,-2.0095684050595963,9.4276312829866,5.830062172531174,13.431144510845689,14.11780898122117,19.93810409081385,20.360986725955932,7.901130564717909,17.427481835831248,17.99999999999999,15.318699171359317,26.644230010695626,0.7513737557543713,13.47172475104185,4.0138047452054755,21.046648161678004,49.21890445912765,4482599,23.34687,0.55,1.0
2026-03-30 14:33:31.252769,12.231366948075507,5.689630785857291,4.080318447062427,-4.934586063373917,6.892783888884265,12.658913690245546,12.104406010424203,4.49999999999999,11.124594979565469,-8.146727143026183,-8.035498815471888,4.318613106814485,1.9039977512771527,12.278966930108853,20.989218544745768,12.925495908590237,0.2018364714346599,9.15387826658493,14.549297270124068,7.504733849287,49.19866768653907,4517781,23.530109,0.55,1.0
2026-03-30 14:33:31.458530,8.7069392694086,10.473145438739616,7.024616330188934,8.59384261761211,-1.7656109769768042,5.550757757034674,16.49999999999999,6.627676839947543,1.1046529970501493,9.660566598325119,7.306031450535515,6.173492671001047,1.231494962851458,13.49999999999999,6.817005137621076,2.6943021850572437,4.247035879911162,6.933598585202398,7.192391860764895,5.999999999999989,50.01554381684757,4557989,23.739526,0.55,1.0
2026-03-30 14:33:31.675669,0.5710630945711045,-1.7172771824139728,23.951063791721015,-6.793031015598696,-4.740130815488777,23.55599552561491,22.452592242441902,-93.45701897853,-13.275185148180512,-6.897941958007504,-106.61855098758207,6.274611971441903,9.98545095727186,1.335343150314614,3.6069771463843328,155.04868557820043,5.925829407799954,-160.70684769900757,-0.5696934613215975,1.6292585760292049,50.39527619803092,4603223,23.97512,0.55,1.0
2026-03-30 14:33:31.870725,5.99999999999999,-1.3272055441808137,0.7472747932716406,-5.135305776430351,-1.0875736782378607,1.4983820084111679,14.422038401501966,4.987841583061469,9.23185926527024,27.96217853327821,22.137594223231137,-0.1291036878483323,-23.7257261614968,-5.781103022094271,-0.7186796502760622,1.3000001577127194,28.8604073136756,9.973469036276155,3.1534458373168746,-105.5746770942621,50.69349418919187,4640918,24.171448,0.55,1.0
2026-03-30 14:33:32.069402,7.9183979913389875,28.432884203396966,10.315869135188015,5.638700971187666,2.962147004424788,3.978653893493543,13.567883128090676,10.55475898623107,1.4452410137689105,12.55870137692206,14.892501117128404,23.625897079212432,-11.219993904410629,7.49999999999999,11.344712154685357,-5.779017052849464,0.46808376254809103,9.13084146226189,-7.8905082477035995,11.359135110559077,51.15537086310445,4679206,24.370865,0.55,1.0
2026-03-30 14:33:32.701755,6.144382189303636,-6.808423895351688,19.81640309150751,5.857912725736666,32.82790143121255,0.08285828750245747,-0.0746166941035608,3.0727973317782165,-11.218965096536703,15.753299943597893,5.664595275424953,-16.25823247459186,12.698701965385245,12.728991005808039,2.512792621750861,15.617334060863724,-2.1895441718727464,119.35784379739314,152.41391954455705,1.3934079007785078,52.38664031849523,4796724,24.982937,0.55,1.0
2026-03-30 14:33:32.897046,-12.752304563747652,-10.343149505359353,21.236270048212155,21.511998706222005,0.9300791542735432,34.31108694842701,1.1147922469448956,6.577961598498013,-9.454241216859907,-16.36020625688636,5.42707827904385,5.100557589552912,-13.756531658049052,19.56367299570442,0.24378208553027306,-7.484572359891125,-7.738892762415699,27.669880496997976,4.9141595787176895,-0.04742127605535872,52.80930881529444,4835012,25.182354,0.55,1.0
2026-03-30 14:33:33.141049,3.1023118203855873,-3.792780115953292,-5.213232106269149,3.918093851757862,50.95860936849355,10.058742113396024,-17.415740946185842,-8.520501330303803,5.418832035813418,10.119497926648538,-13.077971856331546,-11.593842617612127,-2.9438949823787284,3.6010726831609694,15.699689246591067,-4.747457894611021,0.7197144778158133,4.130979812890857,9.31808401681228,0.5488321007568351,53.09443647356011,4884679,25.441036,0.55,1.0
2026-03-30 14:33:33.513717,9.19229944202938,-4.557127753922585,8.935459451079803,9.507714302758576,14.2146373247138,4.173149501593275,1.4999999999999916,8.875134204213603,13.398901085261063,25.798251067203438,10.042792615232328,11.99999999999999,8.999999999999993,0.07663594618198892,6.48210395411056,16.499999999999993,11.999999999999988,13.994021875384698,10.685319419882928,3.2658148951371935,53.926845592283705,4955043,25.807516,0.55,1.0
2026-03-30 14:33:33.716745,31.586968116271503,31.287216483755113,5.872483441197664,-9.321534463007357,4.89395164636516,-9.364961889828301,-140.6915579924085,16.450678529910938,10.823862775198624,35.96284761377742,6.799369497472441,12.308103891831005,5.307653124504365,15.244935405175383,4.686057910994377,11.672956675618089,-100.50000000000001,11.932843979294116,60.768422203632156,8.043142930787294,54.29932189156612,4995251,26.016932,0.55,1.0
2026-03-30 14:33:33.915357,5.600846232169259,10.067616778228736,26.558517619729802,26.271927466198143,-16.531367754950757,-0.038715576854252795,29.273687290199874,-1.966718011563308,24.324689533331796,90.83856683398676,8.350866956948602,18.91412230814316,2.3750329714185097,-8.789787999548217,18.426491499977935,-1.1060483536348396,0.08159352035213432,-2.0786054960244247,-154.5,-6.581092675426686,54.51142097039785,5033539,26.216349,0.55,1.0
2026-03-30 14:33:34.113321,-9.816339878475308,21.283036683029323,11.531997349132427,18.024842323619122,4.830298049836225,-31.145189435023497,11.572843453330098,8.810964024334716,-17.840517765815964,2.9999999999999902,13.848941948341986,2.7141411282450045,24.158010199465664,4.18165199265185,-7.031606394597179,-13.240078935539215,19.749999595232353,5.966076336647656,2.4263861723502096,15.673977109917997,55.13474464662581,5071234,26.412677,0.55,1.0
2026-03-30 14:33:34.312365,10.534707624613853,2.7578321458408954,12.311557305207726,12.05598015039279,-0.1385162902493757,18.442098920179756,9.461916904559631,16.8100110148992,1.563672995704416,7.499999999999991,15.06715602070586,8.454492390263022,7.76396392573251,8.100261622650148,10.822787220352323,5.688145150741755,3.0384766898892974,19.142069317753734,0.6330957067662802,1.6315463372011234,55.34335287203096,5106416,26.595917,0.55,1.0
2026-03-30 14:33:34.565734,19.952093938050584,-5.943860233182688,12.249446167291923,10.881152446365972,5.960943685471813,1.4999999999999913,8.999999999999993,4.1966530156093595,1.5678831280906775,19.512601307519883,6.396655581868163,6.938313191126306,4.436327004295566,4.550151340072311,14.19641734403769,16.499999999999993,11.99999999999999,12.926044400645623,0.19342128680574655,8.293114772579353,55.76965623488734,5156083,26.854599,0.55,1.0
2026-03-30 14:33:34.761665,-4.059366793966859,47.39092243136037,-4.871065871823109,-0.38686727450798974,-13.790020810325283,-2.659641510551046,23.836563647149006,-14.221502675038906,6.691834950835114,-40.15501969415065,-18.137650032854395,0.368043815387239,20.287145794472703,17.84419242699528,-10.15971687170918,61.227038937134864,7.8523843751265545,5.851478014626256,-161.3750515090149,-2.479615648723725,56.47041103563284,5196291,27.064016,0.55,1.0
2026-03-30 14:33:34.957234,25.32786958093753,-2.187841390000497,-8.685335521618303,10.760186386925744,-1.7246557647893364,-38.53889620558613,0.7452326583385941,7.424415698349421,-46.61511307831674,-8.91837062777378,9.500234004067936,17.893938003145795,-12.213480320965427,8.35146363723504,12.117299816580442,-23.405028288044477,-17.575157531173673,0.8484858157533428,16.312113681970942,1.7162975801279219,56.837147607601246,5229553,27.237255,0.55,1.0
2026-03-30 14:33:35.162907,27.905172564702845,8.196798566111154,-2.695518512517305,10.275185148180494,-2.820250596409212,-3.3940832248072157,-9.925573968135282,-14.78259304956531,8.487528521281108,14.97521028637245,27.572101156693602,14.90050150272551,4.49999999999999,4.49999999999999,3.9085159432700003,5.999999999999989,-4.772093609486672,-2.1267766049660923,13.005557243683402,30.45814429580913,57.19141673812571,5269168,27.443583,0.55,1.0
2026-03-30 14:33:35.357220,14.943760394489548,2.9459593659924277,5.93966538229892,15.229507223830055,12.671564237843993,3.2797215174955223,-3.823137361745177,-8.533099970685306,14.496833943586577,15.171710159698463,-9.42113744944645,19.988137765576173,10.49999999999999,8.80356394401618,12.612463603586137,10.18948765047247,7.0100412978631645,7.442872246077411,3.5473768965431014,6.737775594494514,57.64421790190779,5307456,27.643,0.55,1.0
2026-03-30 14:33:35.562395,9.06033461770106,10.7421980496055,-0.8715638946144115,6.054040634007554,13.499999999999988,10.499999999999991,6.174537089236917,-1.1741238300123364,17.34885704585454,2.177226995455732,5.796988838068651,13.836213781310612,12.98326529882501,8.854305571111103,-7.677887760847191e-15,11.99999999999999,7.740877985605053,10.364863483108778,4.876420913629305,2.349139952088952,57.839297274074845,5347664,27.852417,0.55,1.0
2026-03-30 14:33:35.616769,7.499999999999991,12.060334617701058,8.999999999999993,19.28917556258821,1.0483952435461237,11.800868867418295,7.499999999999991,15.247907065369715,0.2447182023589503,11.33816375067674,9.9954200898545,11.271187789253165,11.351042842702874,11.689499186797576,6.331156541344996,4.80657701063619,10.499999999999991,16.223268186143713,2.5342765298188046,0.2406737508609726,57.951478734472246,5357716,27.904771,0.55,1.0
2026-03-30 14:33:35.813421,9.766486385133666,10.193884866154509,16.89534700294983,14.352219983408268,-11.418210630077258,5.07629158527795,-9.753618496343744,-31.060707495801918,-14.594888274231723,-12.095790157170688,11.794037598770025,11.712086549646685,-36.882828483308565,0.2552806861685785,-19.192901912756376,14.111631533207824,8.897688179614393,-2.090293518825063,28.93162028432472,13.365306950256123,58.37559418709906,5397331,28.111099,0.55,1.0
2026-03-30 14:33:36.009194,11.999999999999988,-3.4559889318271773,24.932784898234377,5.032736540563421,1.183560984061393,22.828173551577088,-12.05451389506722,-4.804491890989153,7.439044519569328,3.12767848242347,22.132087368710515,4.239674613668892,-34.780905946333974,50.36073154009679,-8.863804649308134,8.309273666732548,-0.5900538010848954,16.84890949855979,2.9999999999999907,16.441528853415537,58.86685321488966,5435619,28.310516,0.55,1.0
2026-03-30 14:33:36.213849,-11.730898987120376,13.018209162843844,1.1474206280274568,-8.605360717874635e-15,21.718926494558257,18.845941524822745,39.45799913199633,3.503963530575864,-4.010804684939066,-0.6055547947779103,10.606367043844882,16.495373337972005,12.424368217323034,8.500196611553989,6.5278584138701,13.817953819542899,8.505995568671569,0.37581549872309644,1.282180409040678,20.308242839353298,59.37982990722895,5470801,28.493755,0.55,1.0
2026-03-30 14:33:36.407318,8.999999999999993,14.604262062938998,-10.137208988370896,10.540388125757529,10.067423796675167,5.748736299497596,4.557127753922568,13.81982161267099,23.89978431326162,12.762296750279326,10.499999999999991,-3.132267724498151,11.999999999999988,11.42711870692088,13.393688844902588,10.683799636864483,16.726179691082823,9.37607561526764,2.9502873866383585,13.644817461763285,60.36445951635164,5508496,28.690083,0.55,1.0
2026-03-30 14:33:36.614260,9.622062889189635,9.010600251927606,8.99999999999999,11.961977835700129,11.71622267686684,8.99999999999999,1.1985437199357245,-0.24790706536973323,4.49999999999999,23.80790834055855,14.339107151334456,16.334398112184928,9.44504920625178,11.999999999999988,4.48642153931296,4.144069956029685,13.042709097114706,5.99999999999999,11.99999999999999,9.4159656371414,60.61508100467438,5548704,28.8995,0.55,1.0
2026-03-30 14:33:37.018329,-1.8489419483420062,2.1720538952259707,-1.566584665489593,29.06707613995286,-6.696160629890111,-136.1091498271287,40.98252556942579,-5.739049001137836,55.82525760865485,30.83173420695593,11.032006588445823,30.289556786143088,7.912856024189069,0.062232276141757734,17.916267916156315,18.83212955872949,8.231274896357702,20.82182382673919,15.94733318148567,1.4745653764678728,61.11308538983939,5628527,29.315245,0.55,1.0
2026-03-30 14:33:38.265756,15.333993801288207,1.8964375949069463,18.481241155242497,23.99999999999999,11.61617433239149,13.299856642038042,2.40130364590463,-23.80363540677998,52.34674297298982,21.515600472851794,9.91956270126937,-6.747127782446431,-10.249375489000215,21.184519106333386,14.77387167217942,-19.501403284714584,2.842297732642766,19.061695574930898,8.689721688461606,15.106985339733463,64.53218680303739,5864749,30.545568,0.55,1.0
2026-03-30 14:33:39.102978,2.373194914562816,-50.96276517973729,8.205921651602848,17.709605276057648,15.354178376308145,14.263323002458213,-40.14842181343885,66.48282634917553,20.75143246766236,6.609684890321624,-3.981248109706575,10.22238441813376,5.945959365992427,21.25005927932388,52.711072577008935,-8.461148922985313,3.2608321226062578,16.67825858438515,3.955202248745933,10.037438300836323,67.1268703395211,6025581,31.383234,0.55,1.0
2026-03-30 14:33:39.503951,0.6924132990426644,17.04915295083664,-11.006449418339425,-0.23300502697517808,4.545396830690502,8.72557645110138,8.375472918817904,14.99999999999999,19.70269603357466,24.457887544542814,12.875849278015432,15.381947454346419,-3.897744552308704,11.00721140563839,24.11578071949089,19.842174152481988,7.49999999999999,7.494599721597764,1.402919102368333,20.951815709849047,68.31496467963004,6106590,31.805156,0.55,1.0
2026-03-30 14:33:39.904449,-20.644230010695647,0.5650303140068533,1.7782208669264574,0.4295591789301871,50.9129078333033,-34.94512589371299,53.50323086883371,33.805028656370595,4.146686266822997,8.200180528663223,7.521421933266609,11.977954515471973,-39.87054665226962,14.043375164119833,54.28465200221913,16.49999999999999,-46.25169121483138,7.289207150878955,11.246019637188526,0.9265322101523895,69.47015820214442,6181387,32.194724,0.55,1.0
2026-03-30 14:33:40.740785,16.21293673851458,10.553331269073093,12.625729323815113,-8.661271634909857,20.910721535375465,18.86959764439397,16.422219007259695,22.609256684711518,15.161314446196178,-0.9499411977423123,29.025168719000316,11.812547658045947,25.40574645915355,9.89332866307169,15.538607470214481,15.35264049374315,23.999999999999986,13.499999999999991,12.381947454346415,29.908280378686392,72.21019595419138,6342219,33.032391,0.55,1.0
2026-03-30 14:33:40.936866,-31.41714171249754,59.17519744246472,44.63215438555197,72.72599102669146,27.660997815802006,10.368453662798858,-26.62360005595781,32.52116712899957,2.768203765904504,8.066491603574123,-6.300711511255757,-35.11759503050513,35.067401680697756,55.97662446300617,-1.488398393014397,-35.11436763945636,52.37554641906909,-45.32872645313051,10.554968320508827,7.863741973403646,72.79336821190597,6377401,33.21563,0.55,1.0
2026-03-30 14:33:41.125114,57.75659223461026,2.1806872570680778,9.270943257845751,-47.08348956666363,-30.186994471446283,62.161388993783234,-5.922893561442864,39.199685832362775,52.11602995496891,17.437968513143236,47.085047655928086,-40.33604739719972,45.9425944210974,-36.31318337579938,13.403490501513938,-40.89596054649138,34.3096811398234,-43.34770167927257,8.999999999999993,47.667429493096705,73.39157302971594,6413176,33.401958,0.55,1.0
2026-03-30 14:33:41.374480,6.380811071672517,-41.733109011003606,18.983265298825017,-55.98784158306148,42.268015670623946,-4.018402683103061,-45.03913908477079,30.378720660619148,57.580243984448046,3.5239446832571764,30.146538027812845,4.683792294117154,56.68447181022612,-3.037068106580694,12.234605765045897,-21.86279865659364,-4.749999595232373,6.865194631833898,8.156705805823023,9.078688588643585,74.3411036555602,6463436,33.663729,0.55,1.0
2026-03-30 14:33:41.584950,2.962495593930581,61.252047912200304,9.89486004236295,11.164840108780938,12.755624002137468,2.5308235725855064,18.147636384660444,15.371073848768987,9.73355230967384,1.4496274709665538,31.85441548905304,23.026104351342042,17.68376742135996,16.49999999999999,22.499999999999986,1.7061433450514516,21.367151183886282,8.960196302648068,30.360764992526157,29.813784893951613,75.0598134210484,6503644,33.873146,0.55,1.0
2026-03-30 14:33:41.977848,-29.1992779150963,-47.43268233680042,-51.597050689735084,49.14757691314106,58.128868387134276,-9.475227041990193,9.74693790359198,-6.3069719307715815,-15.296364406988523,11.146874471753167,17.739932381966298,-22.35419491204279,7.656680584159261,19.027288869859966,57.625358153257224,-46.500000000000014,-49.385335167138116,-33.55707796247886,0.5937979944553734,60.42567063765644,76.31984547279957,6581547,34.278891,0.55,1.0
2026-03-30 14:33:42.184431,11.24569043834708,56.4911856945637,-42.32285744070326,63.56361057053088,-37.23721068606225,56.62973657415008,48.567557646807025,-36.74523047390335,-34.787402474328466,-33.33540472457504,4.988064726599095,-2.5313033044262534,58.32112011173515,-9.886782154478768,46.90953447086612,11.9631925693958,39.90741964025068,55.01575074757094,56.44462824857113,-21.952228555806677,77.12751887221057,6621162,34.485219,0.55,1.0
2026-03-30 14:33:42.386081,-49.86092368006409,-44.66927140772643,8.976672006701408,6.382369323221962,9.396655581868165,58.63758188103971,-10.312172999757022,-44.67714255929677,54.1024720244542,11.164760126843355,60.784971299001654,21.71909754637734,-23.233605761829278,30.242406062446406,13.505174699431553,34.61179108671967,-12.237247205631064,60.47103388140511,17.628469401458553,-22.362818354614504,78.04010468475366,6659450,34.684635,0.55,1.0
2026-03-30 14:33:42.550015,30.443614762740815,28.06381059166439,-5.886818672787991,61.69529086915796,26.396632893404785,5.719364826117326,5.626367709302734,22.151910843029444,28.314266494190658,26.693774391145354,15.40871563926153,22.434054341716728,32.67042206231993,1.2648680509989811,20.10106722199457,28.621098645425498,2.7184623926545037,6.813210305810577,30.88949528206886,28.68426175426127,78.76657066615734,6687093,34.828609,0.55,1.0
2026-03-30 14:33:42.794454,34.002189932506745,26.06322856947554,64.49999999999999,17.99999999999999,24.350616639984175,3.4451091519713306,7.796487980662452,-7.997139806921457,18.194380093866382,27.138819135988587,24.6766536687902,39.472382894557484,9.504916080790592,27.109156239953535,25.93412648950497,24.956017384294512,18.182216563542354,27.585155325453364,20.503208951792875,23.9133312548034,79.53121359228366,6734840,35.077292,0.55,1.0
2026-03-30 14:33:42.990000,52.954106684793295,-44.50502625219339,-16.344817639089595,66.8175950545394,15.71492772492249,-3.8201218716537713,7.411370048101125,-40.41267301238307,10.250000404767626,-48.18835755237442,25.780772525499533,34.62331961259762,-29.10581395393321,18.27405153109476,51.03275822178722,47.99999999999999,60.17817430611962,67.01713715220069,52.64374382587628,54.25676256015737,80.07656097667137,6774455,35.28362,0.55,1.0
2026-03-30 14:33:43.225792,55.52734770864974,-43.50000000000001,-8.9050112123794,26.811531589001135,-17.560301234595478,-32.91386152266231,16.72168232181408,4.250000404767625,52.79943803033839,9.587220410344802,63.078408590256366,61.85164492082823,-33.1847877441121,69.26527562558074,-9.453645055343127,14.226009753628402,1.0620921789455264,67.41267301238305,34.932538732097015,1.4704956460800553,81.25722014382717,6817176,35.506125,0.55,1.0
2026-03-30 14:33:43.584671,44.77574077355129,4.018603420296246,31.039972737807467,13.499999999999991,54.695560874504594,27.550671627266794,7.324317263646001,20.461743825759388,48.08032064462619,19.107578499846387,40.61103076595358,16.535008164087575,9.922119154910956,26.99999999999999,5.102794350621706,5.628983182441956,55.402900581866355,19.479179622972698,17.731905904405693,19.804377677267357,82.55115210033613,6885620,35.862604,0.55,1.0
2026-03-30 14:33:44.031917,-29.611693108850954,-46.37203587918835,44.53194466768471,-50.0087843996269,57.33085675751923,52.960049064572786,-38.855848337464074,46.838883192171814,54.793246392358874,-41.08112920215905,62.18976255650135,69.37907145386329,-48.64903082334265,58.58285828750246,3.2735165552443837,56.0245311835869,59.81121629759455,58.499999999999986,-48.61013759529073,-48.46278762620583,84.47056719361964,6975495,36.330703,0.55,1.0
2026-03-30 14:33:44.238522,53.44553922053823,158.52410104824162,45.029677563475936,52.14170875674628,-34.36987446472506,61.94644719160814,49.61385219587484,53.371583891248555,67.84349627084777,-38.915640667259076,4.333505795686863,2.9116419801501494,31.450613311346423,51.46875632858037,-48.00000000000001,45.739414124705064,31.81604065653106,17.1196033073127,60.39686543497219,60.8945612166487,85.76071844483276,7015703,36.54012,0.55,1.0
2026-03-30 14:33:44.443329,57.94966918305901,48.379095656726975,55.17663082122831,-45.53430196743117,15.62346086527881,54.986368263224044,-52.1846061647545,82.15817468559217,56.678429468765124,-45.555371751428865,-36.117476777571696,-38.29185961570988,22.897295758682603,52.6591881143374,49.36543254130302,-0.1633911590790472,-45.63949928122275,60.488627295203315,43.817850899891184,64.77159330838258,86.4547484258273,7050885,36.723359,0.55,1.0
2026-03-30 14:33:44.642330,-46.500000000000014,18.112256156444452,56.44462824857113,53.20486341010088,49.55493977476339,-46.5,18.622338139923787,2.7178778778122017,28.193813050921918,50.76329621672964,12.56401880905291,51.087574512420815,59.38986240470927,59.51028096287451,46.846793683058884,63.78927770664726,-40.18926209184228,6.543375164119833,26.05761487569124,0.632871308693441,87.07849098844066,7089173,36.922776,0.55,1.0
2026-03-30 14:33:44.845984,12.269747970115652,17.40204362212751,29.83061445667966,-50.13065206291164,7.496838337165392,-45.000000000000014,2.999999999999991,56.43217078659602,31.9186657684051,57.08621433707171,55.57079840416311,-41.7344679730946,15.117101713644448,53.99999999999998,21.49975992475924,21.74515825089964,-47.06322856947556,54.458504792840806,24.832976666548916,5.664991875538385,88.89784434615446,7131894,37.145281,0.55,1.0
2026-03-30 14:33:45.057654,24.14091185895422,-43.19562826725348,28.49999999999999,73.671175453632,16.210793841690997,55.21259752567152,64.95412183676963,48.45759851319839,-50.21630943536891,68.48395725730158,-45.23086208497501,44.65042804910316,58.04305382851264,-31.014516153439914,-134.56316330618483,-25.293338720165707,-55.774970929413435,59.8999605021468,71.95409725243876,-46.58732698761694,88.7832811204173,7168996,37.338521,0.55,1.0
2026-03-30 14:33:45.261324,49.600838031088685,58.99483460971752,55.99060078559361,-48.76548389597353,-49.16111680782817,65.13611333932873,-51.118185227183474,-45.000000000000014,46.98119817355006,49.304429342719985,60.76148882471193,58.47824900001521,-51.51500043415285,-52.21481935892872,46.61694002155469,-55.12638573078085,65.101900130733,56.741494404886346,-40.171953571574065,-44.94686850493514,89.73504880327012,7212310,37.564115,0.55,1.0
2026-03-30 14:33:45.669226,19.41686786763753,50.259713479229255,-46.33852406218446,56.08292553688508,38.999999999999986,18.11447158548305,-94.68048418034788,67.36351787054373,49.86533483872604,53.97787162019927,5.124422802640196,-50.967125734962245,51.52983522072451,60.5544207812356,-57.090151870187704,56.912304697594244,9.86538295190571,-28.350103847241474,52.12696023585736,64.99108602740272,91.54197258850036,7287700,37.956771,0.55,1.0
2026-03-30 14:33:45.864565,7.064498865344182,18.480572140780403,58.19111000894232,14.54521211491288,28.45968060322994,65.0552235208034,55.49787617325308,50.199607906107076,-49.9770691186199,59.930862389241945,35.22049444412644,56.09032462841271,52.49999999999998,53.493674224911494,-51.44570104448781,50.67744121457344,57.21855716544122,50.01623211365073,51.83815779797624,17.6620403872371,91.59393665638048,7327315,38.163099,0.55,1.0
2026-03-30 14:33:46.501232,-45.63363171738324,65.08145113472511,-34.57862958435066,56.917713598221624,62.849077456861856,3.20216419852097,52.53291794554349,99.53044071829491,63.34368125607087,53.864519200593044,-57.00000000000001,164.61360587327104,54.27726768393979,65.54656046194197,55.11107092197893,60.470501794929504,17.67737622718983,-57.00000000000001,65.44757191859235,59.995743244723016,97.19840499669938,7447939,38.791349,0.55,1.0
2026-03-30 14:33:46.697746,-47.120066591828966,65.65320614898538,49.32112011173514,-65.25155305416867,53.99999999999999,61.79416872179039,64.79819773210343,-42.386352823149316,-51.61924592660816,-10.224188918002051,-56.56521900743902,55.442737403884024,1.8893693719903248,65.99999999999999,61.94348341157379,53.35168807609029,58.67887988826484,-41.89855810419727,-49.50000000000001,53.346295380376375,97.54021578868203,7488147,39.000766,0.55,1.0
2026-03-30 14:33:47.726360,56.3180998451433,49.682167323623396,-52.00962221661045,50.999999999999986,-49.3789753149724,55.499999999999986,57.463577535024065,-42.28730972085145,-49.70666127983431,-44.431650499206235,53.30054269301835,-45.000000000000014,-44.7041316001538,47.71794030053173,49.503595051392494,-47.609651322248574,-48.62143796170072,-44.4352303274364,71.54273593120529,60.44238874789052,103.58783418536515,7684754,40.02476,0.55,1.0
2026-03-30 14:33:47.929833,69.17869315084538,-58.002810294988635,53.54001666788102,-43.14078077983043,41.89046014524094,53.33247898478914,57.74077167821741,36.56094279956781,-58.944351601052546,52.41513204244589,59.2197907793204,51.25147598927648,-50.71914689236346,59.26816403976166,-46.37026474849655,61.074231400918386,60.541504099083,49.7966599109359,48.809521869098674,-46.864075401253324,104.95278113142692,7719936,40.208,0.55,1.0
